rowid,prof7_id,sand,clay,silt,DEPTH,x,y,PC1,PC2,PC3,PC4,PC5,PC6,PC7,PC8,PC9,PC10,PC11,PC12,PC13,PC14,PC15,PC16,PC17,PC18,PC19,PC20,PC21,PC22,PC23,PC24,PC25,PC26,PC27,PC28,PC29,PC30,PC31,PC32
1,101,33,20,47,10,608000,385000,5.289303247,-2.684041083,-0.715351424,1.74842856,0.942023538,-0.446331341,-1.048611205,0.539887864,-0.01102366,0.349865033,-0.026659863,-0.284750377,0.175650918,-0.549279935,0.844124355,1.374868322,-0.257769442,-0.040792262,0.473529492,2.399497525,-0.170326147,3.657100709,0.200518921,0.779691974,-0.980372668,-0.410235406,-0.018375622,0.153320098,0.013766716,0.012657907,-1.359250225,0.375325284
2,102,60,9,31,10,610000,338000,3.515445032,1.076989413,2.603622738,-0.458655849,-0.94415034,0.431099522,0.1190919,-0.354371657,0.756164657,-0.253595866,-0.104929056,-0.129665677,0.086344594,1.075247384,-0.21647711,0.765396763,1.224109925,1.123549726,1.124489494,-0.377971654,-0.107395022,-0.277649801,0.414306893,-0.178342384,0.053284292,-0.01301832,-0.041840163,-0.076918431,-0.010448237,-0.305534481,-0.947170111,-0.393829373
3,103,15,23,62,10,610000,360000,5.694527629,-2.852380736,-0.561589266,1.908495025,0.306697418,-0.403773596,-1.09304112,0.121191285,-0.3300208,0.74182627,-0.301127176,-0.265437773,0.0643863,-1.008850318,2.229384675,0.34594712,1.170057215,-1.370638849,-2.093684097,0.563189234,-0.43943226,-0.260363711,-0.023003275,0.020600917,0.050266459,0.120377102,-0.128049524,0.070801191,0.054349768,-0.319955695,-0.546612504,-1.994890404
4,104,35,17,48,10,610000,376000,4.996782081,-1.967597874,-0.56460995,1.89540757,1.153529199,-0.486168335,-1.713366915,0.35009512,0.927920441,-0.450554736,0.233228983,-0.361883202,0.154717206,1.277795318,-0.167235569,1.445219612,-0.25925661,-0.28552803,0.284579203,2.316261061,-0.060265233,3.706427795,0.177744811,0.783044866,-1.102882966,-0.361507117,-0.014625588,0.195509205,0.01571578,0.214130236,-1.739135279,0.488058892
5,105,33,15,52,10,610000,382000,4.740513541,-1.71679345,-0.267843148,2.078603076,1.127731116,-0.96310513,-1.23348179,0.754438494,0.432506005,-0.165498498,0.390993223,-0.278615547,0.115271657,0.230673936,-0.737513745,1.215820195,-1.162497339,-0.19815461,-0.315178993,2.382698856,-0.098274468,3.776487645,0.025656712,0.737091125,-1.120682288,-0.436875721,0.011001276,0.211299304,0.007907145,0.396938656,-1.159824844,0.854863704
6,106,61,9,30,10,610000,387000,4.106165478,-0.120924522,-0.765371105,0.728549666,0.801623758,-0.246385527,-0.585667442,0.845896815,0.128348269,-0.008096531,0.330731945,-0.265639412,0.142737451,-0.148047365,-1.072543255,1.146617702,0.254728064,1.204476131,-0.180625781,-0.404487843,0.343247507,-0.017732285,0.334605419,-0.120037481,-0.100200216,0.002984242,-0.052381195,0.042246457,-0.018445157,0.881268323,-1.069722224,-1.823999269
7,107,12,23,65,10,613000,341000,6.404798984,-3.405458307,-0.342694897,1.378652803,1.113095824,-0.752693472,0.009151853,0.867457071,-0.136132374,0.286902292,0.4120901,-0.218402095,0.136398961,-0.79418622,-1.022064574,0.564147428,-0.558166157,0.321457609,0.874058493,2.432753887,-0.320213912,3.635441578,0.200498396,0.842928271,-0.880364932,-0.45280519,-0.018893817,0.139100766,0.02183823,-0.389659575,-1.136890652,0.198827069
8,108,13,29,58,10,613000,346000,4.136578362,-0.417398495,-0.413065347,1.886628332,1.164006369,-0.34071162,-1.186838208,0.774378894,-0.241805471,0.371131906,0.051758453,-0.270190306,0.188869268,-1.041914309,0.656273016,2.088673201,0.018057055,0.42084128,-0.504648417,2.149954698,0.182724409,3.831605103,0.196162073,0.752178886,-1.188657793,-0.414822895,-0.004851808,0.217981345,5.58E-04,0.937677109,-1.770177833,0.850618283
9,109,33,18,49,10,613000,352000,6.276065178,-3.369465503,-0.398632538,1.30793719,0.574427735,-0.227545157,-0.250604431,0.434881938,-0.167517401,0.298432839,0.130206313,-0.258487991,0.100041081,-0.582348921,0.27913211,-0.008469813,1.287499768,-1.32011576,1.599602126,-0.407979402,3.202187693,0.824770379,-3.252554799,-1.191752639,0.540849986,-0.028996276,-0.167357325,0.050395257,0.012941567,1.091519543,0.35764735,-1.76411414
10,110,22,26,52,10,613000,357000,3.994526202,0.033774587,-0.788594715,0.661081394,0.893857772,-0.078075548,-0.429931904,0.927730075,-0.126310563,0.159928422,0.252076302,-0.230763377,0.158454182,-0.639931575,-0.929861488,1.330862069,0.38186804,1.838177434,-0.341420683,-0.489858692,0.42879406,0.014470894,0.356213355,-0.133097107,-0.084497215,-0.007752996,-0.052152887,0.03810038,-0.022639365,1.143724582,-1.020059707,-1.79731041
11,111,24,28,48,10,613000,363000,4.716091825,0.926306796,-1.454811892,1.372647449,-0.037151317,1.12590618,0.60872214,0.086050064,0.268727114,-0.133735604,0.185190477,-0.027153814,0.010467391,0.484643632,-0.872307425,-0.431751011,0.385435274,1.269612903,0.665268111,0.969943442,0.341556944,-0.68096914,-0.772089837,0.819576688,3.460529554,13.61086549,2.279573682,-2.200444294,-0.64287242,-1.471319288,-1.185316334,3.156618924
12,112,16,32,52,10,613000,368000,3.900719965,0.119350298,2.781889804,0.539029374,-0.428829892,0.330473408,-0.255615833,0.002661487,0.459784063,0.100567214,-0.274867053,-0.026959839,0.089911528,0.354974982,-0.047066206,1.14568075,-0.570211752,1.7298246,0.137184771,0.800871882,0.579195575,-0.625950382,-0.776223696,0.797807257,3.31360219,13.6329504,2.246833027,-2.134414945,-0.636195293,-1.031865241,-1.324981126,2.935247652
13,113,24,12,64,10,613000,385000,6.053471493,-3.091431729,-0.604581283,1.865350018,0.915619641,-0.845818588,-1.243954137,0.515390138,0.718439592,-0.275991664,0.316555161,-0.304155782,0.123279657,0.909912162,-0.620587664,0.654563829,-1.018090704,-0.342467472,0.564989527,2.522696249,-0.316810649,3.632737149,0.084923712,0.759388995,-0.96073142,-0.405488754,-0.009579638,0.161685393,0.016076719,-0.213592865,-1.077894311,0.39348238
14,114,50,10,40,10,613000,390000,4.835617938,-1.598313834,0.01457957,1.627689726,0.809925979,-0.027770128,-1.047498659,0.450794423,0.521441536,-0.301475614,0.403622631,-0.317483756,0.037919277,0.707730897,-0.692245049,0.224057583,1.318278217,-0.72909145,-2.571421522,0.446347674,-0.312964822,-0.110127548,-0.043963497,0.022842606,0.008794726,0.093292774,-0.091043843,0.10858598,0.056292056,0.148601691,-0.837084735,-1.82370551
15,115,19,32,49,10,616000,343000,4.493695597,0.541389673,-1.017168435,-2.30708547,1.748705991,1.601663428,-2.653562753,-0.825084027,0.26165497,0.650886512,-0.75006908,-0.064778665,-0.039498422,0.767866556,2.513881873,-0.620215984,-0.003754444,0.031375544,1.184649543,-0.055440319,-0.210724528,-0.309296076,0.217603703,-0.169420459,0.161759211,0.026856036,-0.057828207,-0.07595884,-0.004988192,-0.513395246,-0.053858427,-0.702412794
16,116,30,17,53,10,616000,349000,6.613565483,-4.231659536,-0.810572027,1.313893369,0.626940269,-0.205319358,-0.485636565,0.300111855,0.118169501,0.197812594,-0.106492694,-0.198432562,0.116958208,0.006382203,0.345812822,-0.042492347,0.563935225,-0.471318446,1.833367685,-0.210372138,3.066333302,0.77638401,-3.360129011,-1.212052721,0.76508234,-0.010993544,-0.167853049,0.005771314,0.016095911,1.015734732,1.146694032,-2.214886123
17,117,36,31,33,10,616000,360000,4.088432483,1.916258131,-0.070698521,-2.806281272,2.162987037,1.669593566,-1.004533118,0.163426718,-0.497750583,0.745163387,0.025758933,0.032128756,-0.072577357,-0.70930492,-0.388445908,-0.992695496,0.105518209,1.131286796,0.417409842,-0.259251221,-0.064875779,-0.117793235,0.209826372,-0.158302845,0.0902169,-0.09461927,-0.01620474,-0.035369893,-0.011139796,0.05844827,-0.122507845,-0.198414817
18,118,17,20,63,10,616000,365000,6.31807288,-3.276874038,-0.7920785,1.936791699,0.830355394,-0.824457772,-1.244052785,0.486383223,0.298919639,0.156823129,0.094567313,-0.285797028,0.122499196,0.039263116,0.459897862,1.090176361,-0.575704492,-1.320606342,-0.410941877,0.304614334,3.653446553,-0.744986964,4.099794546,-0.891067997,1.84818953,-0.894218239,0.046351912,-0.627420689,-0.105508649,-0.785787222,0.647272672,0.558693231
19,119,28,37,35,10,616000,371000,3.806387802,1.575313496,-0.942259632,1.825812654,-0.333883782,1.006276344,0.497190209,-0.116673882,0.286002077,-0.255194689,0.101094531,0.033638403,-0.094958581,0.551504181,-0.465024449,-0.865027065,1.076532192,0.482653115,-2.42653654,0.897848539,-0.98825945,-0.253903651,-0.41819914,-0.226627602,0.452552005,-0.058539763,0.031715355,-0.076361225,0.035851268,-0.371228994,1.370473074,0.25515384
20,120,25,16,59,10,616000,382000,6.293854338,-3.120721956,-0.459305344,-0.814000548,0.451860727,1.038420627,2.13109997,-0.667172953,-2.125987073,-3.403444074,6.577565812,11.57016024,1.696783749,3.317463955,4.294437379,0.626070842,-1.486251678,-0.544681221,-0.172967724,0.456056998,3.485116895,-0.764822352,4.11187821,-0.957643692,2.144322153,-0.813186974,0.055340504,-0.50361137,-0.076173087,-1.175883561,1.222085641,0.983165177
21,121,53,11,36,10,616000,387000,5.451006265,-2.191474611,-0.674768052,1.671753828,0.859215707,-0.199012684,-1.220793857,0.580678999,0.199370238,0.062263724,0.130932164,-0.317834278,0.174645913,-0.004233051,0.289290858,1.123818877,0.034097694,0.125460119,0.416266189,2.315397001,-0.108727083,3.679992214,0.250893569,0.753015498,-1.003929156,-0.41561061,-0.013191038,0.158280243,0.006108111,0.198483738,-1.615310167,0.467615737
22,122,47,8,45,10,616000,393000,3.534894639,0.056947296,-0.065507115,-1.127566274,0.515452846,2.049765319,2.475123353,-2.492701811,-0.869502013,-7.631140157,-4.905339846,-1.610668039,-0.242963468,0.711297942,1.396102173,0.235707444,-0.441466637,-0.992166583,-4.199509653,0.46279536,-0.015551684,0.149816981,-0.165083736,0.015731391,-0.231701329,0.22305218,-0.076104248,0.231995076,0.064933967,0.845903446,-0.292808838,-0.326504149
23,123,33,14,53,10,619000,346000,3.492306436,2.308875882,-0.196482758,-2.618459314,2.427521266,1.628958436,-1.559478743,0.08173794,0.049568227,0.355644496,-0.04827413,0.049487502,-0.06829066,0.283174722,-0.707903915,-0.542989358,-0.603958706,1.70231944,0.024206642,-0.150089977,-0.036393574,-0.062847192,0.053823216,-0.192221642,0.150983263,-0.069295497,-0.003640236,-0.027316175,-0.009736307,0.404098116,0.393794908,-0.306626498
24,124,35,23,42,10,619000,352000,4.620362757,-1.183307612,-0.335606547,1.727798783,1.081144574,-0.324714419,-0.744529222,0.834436292,-0.532898508,0.56063325,0.118238809,-0.275810824,0.123218641,-1.583500872,0.691786943,1.879151664,0.32638062,-0.713188291,-0.735419519,-3.521253333,-1.027406705,0.790158428,-0.0893357,0.109116015,0.086302734,-0.25873344,0.018350902,-0.077639054,-0.027313371,0.617304174,-0.724567957,0.655663209
25,125,22,26,52,10,619000,357000,3.707216412,1.147879488,-1.434458432,1.646897118,0.156990753,0.944722052,0.528770472,0.013347349,0.093036899,-0.094383172,0.038944193,0.009302734,0.032105068,0.01667194,-0.154786003,0.354841839,0.162095138,1.619465186,0.075565173,0.962367067,0.911791596,-3.91601139,-2.385393535,3.159926136,-1.15403629,-1.373173035,0.239760238,-0.212860593,-0.02281304,-1.344827565,-0.477312925,3.103131247
26,126,34,25,41,10,619000,374000,4.089298343,1.812490694,-0.36068979,-2.278455459,1.960382232,1.251359521,-2.081191987,-0.158157149,0.26597232,0.280175311,-0.089383146,0.005331499,-0.100850574,0.789568776,-0.181061887,-1.165289783,-0.937073848,0.672514049,0.232915055,-0.093803293,-0.134349848,-0.136404071,0.042627724,-0.220722984,0.089427546,-0.056939754,-0.01467572,-0.02268147,-0.015642174,0.078072588,0.330986829,-0.175977659
27,127,8,24,68,10,619000,379000,6.044900989,-2.901039024,-0.490883549,-1.61495704,0.652470844,1.712889861,3.317972004,-2.459770306,-1.001405381,-7.437675563,-4.762055816,-1.658865899,-0.151913255,0.345712934,1.1808009,0.080428895,-1.096425762,-0.835123972,0.12403591,2.310561798,-0.089405568,3.773128653,0.320400706,0.875513487,-1.173403707,-0.286972078,-0.02820536,0.243426936,0.038702821,-0.300046315,-1.52508005,1.59989286
28,128,21,27,52,10,619000,385000,4.816572833,-1.838596191,-0.868665045,1.778944353,0.949814623,-0.162631039,-1.206422374,0.587770858,-0.395161462,0.64684703,-0.289539936,-0.246106243,0.212800866,-1.276874194,1.666935374,1.907159221,-0.039960447,0.671352942,0.117505802,2.311778263,-0.022226993,3.710204555,0.22419103,0.740836095,-0.968738265,-0.422411504,-0.013083028,0.14781318,0.002728949,0.490868923,-1.31600829,0.418425334
29,129,41.5,14,44.5,10,619000,390000,3.908102772,-0.443139826,-0.953953315,0.939862895,0.695854932,-0.443621637,-0.540774988,0.812847616,-0.378408595,0.551199439,-0.005667942,-0.220241272,0.155979392,-1.230599514,0.246159427,1.485151127,-0.031672055,1.107925985,-0.339101159,-0.348703131,0.321747009,-0.038969761,0.275654627,-0.151262996,-0.102634861,-0.004875682,-0.051282987,0.037648414,-0.019814543,0.898939841,-0.75109032,-1.744726114
30,130,39,11,50,10,619000,396000,3.510236847,1.644321358,0.496075877,-1.698930341,2.252932792,1.602976279,-1.756210789,0.094732212,-0.448836902,0.746027506,-0.048005223,-0.045550292,-0.033952842,-0.711808678,0.669550696,-0.780560829,-0.579480963,-1.878782508,0.876476625,1.66517476,-1.840809094,-2.5850247,0.631761847,-4.400842842,-2.595509442,0.343127584,0.222699645,-0.05698283,-0.054801826,3.161595019,-0.950039054,2.481155856
31,131,18,35,47,10,621000,354000,3.671125031,1.875047048,-0.696591389,-2.560323983,1.83446203,1.968069606,-2.077654808,-0.267947331,-0.262728921,0.751795416,-0.481259092,1.38E-04,-0.030368669,-0.116078985,1.324803573,-0.756468501,0.150614092,1.147096344,0.571527487,-0.222344267,-0.007497428,-0.155967046,0.246159362,-0.180294668,0.148378028,-0.038231007,-0.038647764,-0.055098828,-0.018377261,0.169550121,-0.112645916,-0.47118089
32,132,34,14,52,10,621000,376000,3.480918777,2.301272486,-2.158593069,0.906956478,-0.612170201,1.114631946,0.294840462,-0.27857693,0.256048573,-0.059046874,-0.257922336,-0.019483012,0.039632734,0.514119549,0.537705893,0.008153299,0.922079293,1.734002222,0.756622903,-0.03531637,-0.32118623,-0.27778963,0.15990632,-0.322216973,0.322722922,-0.072050466,0.029570659,-0.157815085,-0.033543119,-0.046849148,0.422121086,-0.06769568
33,133,23,23,54,10,621000,382000,5.02251191,-1.315767709,-1.181276346,0.738246483,0.559386371,-0.174039235,-0.871690127,0.427852905,0.216163809,0.15536186,0.013739657,-0.318876105,0.162642164,0.043559805,0.345265263,1.12849053,0.688825711,0.595154817,0.513059391,-0.341425689,0.220578536,-0.162943386,0.419763893,-0.10700572,-0.067505215,0.060842546,-0.083217954,0.008713679,-0.01260195,0.379805912,-1.247181782,-2.072007145
34,134,31.25,13,55.75,10,621000,387000,3.802329639,0.979815915,0.23549879,-1.018949795,1.748613557,1.228066719,-2.536245443,-0.36080523,-0.275412258,0.851967056,-0.470144315,0.059252655,-0.179062085,-0.238775873,1.848327709,-1.507528307,-0.531867304,-1.162845438,-2.858704075,0.864100057,-0.742554931,-0.174415064,-0.483834094,-0.135973684,0.182539437,0.00164458,-0.035206749,0.046701456,0.047589913,-0.252453702,1.16354938,0.074146927
35,135,37,8,55,10,621000,393000,2.597845786,1.339140269,2.940983703,0.827163082,-1.324338897,0.631954126,-0.447343175,-0.266629897,-0.231891259,0.587418049,-0.697453497,0.023379135,0.043379932,-0.676432904,1.970855563,0.494472439,1.025843693,0.561932004,-2.488866046,0.651560344,-0.61599263,-0.223641957,-0.198086339,-0.151254406,0.28893187,0.009375404,-0.053214691,-0.01259893,0.035732387,0.016310146,0.529226214,-0.278217868
36,136,22,18,60,10,621000,398000,1.693705228,2.546124749,-0.256617759,-2.28578517,2.03077277,1.301579101,-1.432290193,0.109731952,-0.93614296,1.299527838,-0.39771598,0.071041513,-0.050493983,-1.666755212,1.263484123,-0.372537497,-0.605578682,0.561755768,-0.207550401,-0.224658705,0.12938248,-0.019009708,0.097733127,-0.107473285,-0.05766596,-0.051672826,-0.032156766,0.034557755,-0.00779204,0.42279932,-0.034474262,-0.105262275
37,137,51,12,37,10,621000,437000,4.228627011,-2.059858018,1.14175499,-0.260447128,0.428801963,1.157997275,1.438858149,-0.671739378,-3.699747178,0.911073872,0.710187035,2.718578203,-27.72707535,0.862192694,-0.781355355,1.440573739,4.164659423,0.466238694,-1.21678698,0.896544957,-1.003027988,-0.430535064,0.083682307,-0.252825776,0.32596107,-0.073505292,-0.250081064,-0.268246895,0.001073429,-0.608629199,-0.280220386,-0.110601791
38,138,25,34,41,10,624000,352000,4.064032794,-0.14503562,0.394125082,-0.494707006,1.13516474,0.5502447,2.510490629,-0.140702532,-2.634960166,-3.300458468,6.929093783,11.63562646,1.673756198,2.041763694,3.227690876,1.600498486,-2.146060787,0.945224586,-1.521844831,0.668551277,1.545160444,-3.624617223,-2.365155147,3.211373619,-1.577163036,-1.20368031,0.176194126,0.183068038,0.011697524,-0.412998627,-1.355507473,2.498866573
39,139,32,27,41,10,624000,374000,5.348598967,-1.924826319,0.04593815,1.875493228,1.231366739,-0.756465628,-1.050631914,0.615778772,0.681362378,-0.46830164,0.71802998,-0.405658283,0.040242069,0.712317667,-1.142424414,1.176275217,0.124108208,-1.855695699,-0.527141244,-3.551902546,-1.130020111,0.753136157,-0.120771661,0.110478411,-0.069709223,-0.232767936,0.022822272,-0.03576157,-0.01659027,0.189840483,-1.121953318,0.926616887
40,140,26,18,56,10,624000,385000,3.941970771,-0.261359465,2.293112716,0.886070531,-0.985252886,0.46445899,-1.256902192,-0.572606982,0.76360289,-0.091900504,-0.688867983,-0.09293695,0.08466948,1.149411893,1.848621688,1.255752706,-0.095997471,0.163092684,0.414721288,-3.175766636,-1.625233727,0.510483849,-0.229313237,-0.078265771,0.526028726,-0.275144542,0.052758361,-0.245448892,-0.03267348,-0.312319938,0.614616635,1.706755693
41,141,13,24,63,10,627000,371000,6.674789024,-3.960497926,-0.936199721,1.400369723,0.846814292,-0.102144518,-0.972596312,0.493370542,0.39335223,-0.019525664,0.156110626,-0.307232036,0.154400423,0.421612782,-0.039301431,0.727147216,0.200324049,-0.568807939,0.245770279,0.268332459,3.614157677,-0.788745344,4.268492013,-0.841845985,2.022997438,-0.891606969,0.030612747,-0.677607696,-0.101819471,-0.977387129,0.436200253,0.101235933
42,142,20,30,50,10,627000,376000,5.864647116,-2.437097953,-0.2458057,1.603393343,1.060528088,-0.400407089,-1.049878827,0.669057816,0.690981867,-0.481156994,0.678244075,-0.376434838,0.099929551,0.898783801,-1.328584961,0.804916936,0.374636157,-1.380808944,-0.488046479,0.041586451,3.829503526,-0.653404299,4.264392086,-0.832284458,1.705789899,-0.90121597,0.046017244,-0.593702826,-0.105896571,-0.601909118,-0.278159399,0.79058074
43,143,36,21,43,10,627000,382000,5.067405499,-1.284110482,-1.01839888,0.607678195,0.506231455,-0.202065752,-0.349086968,0.701512154,-0.221081312,0.389939401,0.129590072,-0.268577341,0.154600243,-0.76360045,-0.092634764,0.814590243,0.61902659,0.876262867,0.445730425,-0.371313211,0.214133403,-0.136632595,0.432852311,-0.102933924,-0.039006217,0.01061112,-0.073942376,0.004083642,-0.016323911,0.402338872,-1.146507544,-2.00846867
44,144,45,11,44,10,627000,398000,4.650666517,-0.589943152,-0.146877242,-1.791190688,0.399931768,1.130343516,2.949155126,-0.484929182,-2.295301154,-3.461944967,6.947285098,11.50234151,1.673943344,2.936931171,3.271635738,0.710594946,-0.267090542,0.346629674,0.134443373,-0.334285492,0.125405222,-0.108052651,0.372484704,-0.184414492,-0.06672098,0.110242268,-0.052901915,0.202267464,0.018786225,0.079430506,-1.081670334,-0.883578689
45,145,47,13,40,10,627000,431000,3.866472085,-1.342603446,0.013104578,0.969516058,1.383434419,-1.058104116,-2.425150998,-6.458666211,-0.413704753,-0.807805803,1.180655412,-0.22729037,0.527809513,0.306138369,-0.661609965,1.035961949,2.083898313,0.974437236,1.04718384,2.945820362,-1.102379151,3.306995516,-0.108510761,0.213347477,-0.493197973,-0.530828814,0.186394947,-0.139760918,-0.023903261,-0.54468296,0.192217313,2.583427055
46,146,33,23,44,10,627000,437000,6.301483133,-2.894343117,-0.622977152,1.541813914,1.085002071,-0.359744248,-0.637659536,0.928656242,0.044733077,0.111640077,0.293821713,-0.212500239,0.135304561,-0.372377226,-0.826733006,1.044168032,-0.531676594,0.182655363,-0.688346113,0.281980953,3.669416495,-0.670402797,4.089952744,-0.925091426,2.004596807,-0.961477875,0.07390007,-0.660566512,-0.112514102,-0.389975139,1.042100885,0.526688606
47,147,5,38,57,10,630000,363000,4.368492489,1.225940367,-0.806213919,-2.484986158,1.783047716,1.68297034,-2.104449112,-0.44020314,-0.176870448,0.814822069,-0.571551486,0.002065709,-0.039241707,-0.008413335,1.6731126,-0.837598724,-0.042001353,0.776943112,0.877270031,-0.145904544,-0.118344166,-0.229715406,0.225102564,-0.173797002,0.170596579,-0.021409419,-0.045333366,-0.064872638,-0.012370856,-0.171341753,0.004795679,-0.591867548
48,148,22,44,34,10,629000,379000,4.49584188,0.373918565,-0.667579962,-2.250205404,1.882163444,1.366432265,-2.641611079,-0.761711577,0.877526607,0.006507397,-0.25058262,-0.109928405,-0.097957577,1.982240539,0.762952717,-1.255767532,-0.285532326,-0.192972428,1.04698805,-0.159717875,-0.17032748,-0.259377599,0.196330688,-0.156068854,0.038667694,0.028796463,-0.054947989,-0.030983478,-0.002549433,-0.491324396,-0.290402606,-0.435006451
49,149,39,14,47,10,629000,390000,2.298096239,2.516923048,-0.112578184,-2.568535648,2.31414975,1.495344129,-1.492113875,0.258029167,-0.016763219,0.329398106,0.068405034,0.074595181,-0.077787512,0.2375524,-1.265338581,-0.942894016,-1.194064132,1.64009408,-0.093802238,-0.089540841,0.012520195,0.005675292,0.008900109,-0.128451795,0.155024587,-0.07096803,-0.014425126,0.003761746,-0.009581986,0.468677654,0.522601343,-0.425406029
50,150,26,9,65,10,629000,396000,4.056664976,1.463119369,-0.653179354,-2.617146144,1.601142911,1.972937929,-2.130411025,-0.529102603,-0.182779615,0.774186725,-0.438446852,-0.110838352,-0.034774857,0.051854976,1.980076126,-0.944820998,1.076627317,-0.310790566,1.166474131,-0.290831887,-0.051617316,-0.248540772,0.413576156,-0.117375513,0.013738518,-0.002277699,-0.061918585,-0.043714482,-0.008942155,-0.400023362,-0.996290402,-0.450104632
51,151,68,8,24,10,629000,407000,5.514318571,-3.104359608,-0.893338546,2.092631222,1.12633472,-0.970366279,-1.646355296,0.429331092,0.803328848,-0.249687769,0.096622904,-0.263472516,0.124406074,0.980163906,-0.146844135,1.241759406,-1.776952009,0.301912344,-0.355034104,0.970120136,1.251326726,-3.84943167,-2.412515267,3.267992505,-1.43763505,-1.225518831,0.147626653,-0.052479846,-0.004584599,-0.993499158,-1.08888017,1.024749243
52,152,42,26,32,10,629000,418000,4.301725622,-1.587936541,-0.856625513,1.84690269,1.037750585,-0.203728713,-1.315289938,0.604333808,-0.386008426,0.598892625,-0.211922571,-0.26026937,0.198583978,-1.249257574,1.59193684,2.059534399,-0.12939569,0.628000898,-0.662970063,0.630963033,1.610937229,-3.76110232,-2.149071707,3.317940648,-1.589620346,-1.223407223,0.12271864,-0.04294178,-0.017667299,-0.399775654,-2.056187371,1.253885766
53,153,33,22,45,10,629000,429000,5.273371848,-2.064675407,-0.215290653,1.569871095,1.433141703,-0.491042453,-0.572162433,0.925954327,0.261833682,-0.169138401,0.592818363,-0.285786079,0.124540379,-0.057773953,-1.445729936,1.308135416,-0.462815715,0.598905362,-0.618567473,0.664896521,1.449101712,-3.748600689,-2.230397136,3.320011107,-1.59753733,-1.26329942,0.14999363,-0.026579673,-0.006604338,-0.66726323,-1.964281137,1.436185483
54,154,52,11,37,10,629000,434000,6.289735471,-2.627130391,-0.143591712,1.44001182,1.209744875,-0.5552846,-0.139554557,0.999941485,-0.027211966,0.02702721,0.604858026,-0.254028457,0.067991176,-0.557833205,-1.535430584,0.818115784,-0.283779688,-0.314205138,-0.234857303,-3.371866837,-1.323622522,0.713632639,-0.159327633,0.094516304,0.267633857,-0.302897768,0.034791734,-0.115927202,-0.020194252,0.095707654,-0.173228196,0.468485996
55,155,15,50,35,10,630000,440000,5.531953032,-1.234927052,-0.44549876,-1.918661474,0.653166459,1.335639579,2.959262461,-0.383357413,-2.012975439,-3.739005897,6.879294936,11.61169654,1.681927847,3.547988055,2.312564377,0.582377755,-1.15224288,2.418220019,0.04666754,-0.204567769,0.014379321,-0.109593016,0.229777458,-0.284290692,0.239466231,0.073419105,-0.028075104,0.138318138,0.010569945,0.390832212,0.086140396,-1.195727671
56,156,28,31,41,10,630000,445000,6.728192375,-3.579278969,-0.791614806,1.346306802,1.065156057,-0.536898149,-0.094098245,0.970570048,-0.381666624,0.473095807,0.191362546,-0.136136793,0.153172378,-1.145851921,-0.760005901,0.630164733,-1.134200304,1.6861696,0.133893785,0.900062863,1.185673283,-3.876478144,-2.245509464,3.316470076,-1.225760801,-1.303060601,0.139185045,-0.118366048,-0.009764507,-1.119357222,-0.959296591,0.737498059
57,157,4,40,56,10,632000,354000,4.213073398,-0.012942214,-0.748627086,0.790565752,0.917028321,-0.330043428,-0.439556815,0.913222933,-0.092230513,0.195427591,0.247994051,-0.233631687,0.146318308,-0.674258496,-0.809637854,1.4781589,0.12907503,1.471088889,-0.453811229,-0.410402029,0.359212791,-0.004379432,0.279139905,-0.161305492,-0.113495094,-0.00988248,-0.041392293,0.044259631,-0.020169826,1.061519953,-0.855322342,-1.676588487
58,158,14,34,52,10,632000,365000,4.15753532,1.563848806,-0.493727786,-2.634154078,2.039649718,1.65992228,-1.548673853,0.040123106,-0.295230408,0.664013786,-0.248642742,0.092409935,-0.063529824,-0.233281413,-0.066697081,-1.116507918,-0.726405422,1.925855889,0.403040957,-0.118189448,-0.131037685,-0.128832051,0.112364497,-0.206920447,0.281403724,-0.100504915,-0.013232314,-0.07184787,-0.018487537,0.171501643,0.632421155,-0.49634637
59,159,27,28,45,10,632000,376000,5.686370396,-2.537810152,-0.771802082,1.568960282,1.013479065,0.05070195,-1.620204407,0.461389841,0.828304643,-0.455459108,0.25605438,-0.368588901,0.153244887,1.216080451,-0.281983952,1.285142624,0.334471182,-0.667350117,-0.356817845,0.180177963,3.792982222,-0.685528602,4.243939665,-0.875123029,1.902200482,-0.886934965,0.048619575,-0.638436085,-0.107947825,-0.488991863,0.157351183,0.364346008
60,160,37,14,49,10,632000,398000,3.330234536,2.221828783,-1.701412273,0.520662032,-0.375381082,0.994938781,1.442345678,0.125507825,-0.289681294,0.240633367,0.033406624,0.040362492,0.029602379,-0.62489544,-0.499201228,-0.136282962,1.073968367,1.789728641,0.885568494,-0.045838094,-0.362098682,-0.246313706,0.193771442,-0.225632407,0.339023608,-0.11705146,0.037840107,-0.154940143,-0.021501083,-0.295195143,0.348263251,-0.138537167
61,161,52,12,36,10,632000,409000,5.605659757,-2.252011621,-1.780242395,0.910352765,0.216488311,-0.129514709,-1.617480987,0.095618108,0.652886037,-0.011611413,-0.296871224,-0.32187934,0.175192898,1.044239194,1.049677533,0.755482432,0.140448862,0.729703536,0.911581553,-0.153962725,0.067342451,-0.257584978,0.364294812,-0.157359084,0.104679856,0.08917619,-0.090896628,-0.032253226,-0.015511058,0.166921047,-0.744470185,-2.439424004
62,162,60,12,28,10,632000,415000,4.953364067,0.028099619,-1.999355129,1.652331012,-0.36155418,1.088767232,-0.045313531,-0.40862634,0.408758317,-0.137185885,-0.242517188,-0.052457819,0.0509144,0.822650518,0.973144595,-0.130883099,0.398865703,0.919182987,0.93353615,1.142097069,0.691571643,-4.089897803,-2.32069998,3.151254908,-1.036925731,-1.31935081,0.214086119,-0.26629019,-0.021917465,-1.951348,-0.511856995,2.727041027
63,163,31,21,48,10,632000,426000,2.978586734,2.069086853,-0.04967739,-2.5629266,2.174255886,1.536875914,-1.424718513,0.076349485,-0.174997147,0.499869551,0.065869614,0.012141159,-0.086622739,-0.064119739,-0.540717534,-1.035735232,-0.247652627,0.865973879,0.138474184,-0.303840478,0.058521965,-0.05230027,0.170506504,-0.119628833,-0.021820743,-0.053700444,-0.027645056,0.007327155,-0.009769135,0.256451882,-0.259499053,-0.083573889
64,164,21,32,47,10,632000,431000,4.243303087,-0.158091455,-0.758617815,0.884998675,0.688165641,-0.498136038,-0.421087184,0.722741529,-0.425396216,0.556279822,0.126544194,-0.26693441,0.146464108,-1.322003274,0.263370208,1.395039447,0.730399461,0.557127261,-0.176653576,-0.574848287,0.448899273,-0.041131086,0.429081167,-0.090737599,-0.279407674,0.023979767,-0.074148114,0.069582504,-0.017892785,0.822799601,-1.580254977,-1.572010168
65,165,15,26,59,10,632000,437000,6.864975421,-3.100830527,-0.763180081,1.302660215,1.273896053,-0.317532336,-0.381893585,0.985999419,0.128711315,-0.022007923,0.32923757,-0.156665345,0.15333876,-0.139644035,-1.589972722,0.799523832,-1.224518932,2.254744892,-0.090873164,0.931174672,1.195649137,-3.845712915,-2.307000728,3.263030847,-1.178172547,-1.298820405,0.154028992,-0.124703649,-0.01392711,-0.833569574,-0.766495225,0.751610427
66,166,34,31,35,10,632000,442000,6.640666618,-4.242974642,-0.88925394,1.725665366,1.439583819,-1.056183876,-0.716990331,0.588496036,0.404243091,0.36550381,0.176400595,-0.438306306,0.176891,-0.177917434,-0.450224112,1.534608314,0.007527992,1.085698983,0.413224474,-0.760529602,1.69131854,-1.239025198,1.653537023,-0.865253468,-2.745111937,6.31762511,-18.4323283,21.28296451,-0.218401854,-3.52514783,3.324982235,1.30113867
67,167,36,21,43,10,632000,448000,4.855133673,-2.133581858,-1.709296177,1.051686755,0.599124796,-0.402875452,-0.931652266,0.140512687,-0.590401992,1.184882337,-0.818556456,-0.229462405,0.212594754,-1.782025514,3.329815387,2.276892148,0.40517635,0.810578277,0.462063846,-0.233934172,0.200007934,-0.235431548,0.346930679,-0.125144301,-0.018110304,0.098467172,-0.103057245,-0.024977411,-0.010790591,0.376199798,-0.636717528,-2.203828909
68,168,11,35,54,10,635000,352000,5.518392269,-1.31198561,-0.131240143,0.622904683,0.800941241,-0.756820988,0.010042868,0.571812732,0.446971676,-0.222588775,0.891794273,-0.462240457,0.070900563,0.282919443,-1.465261781,0.63981301,1.588457389,-1.586235001,0.632580396,-0.586867011,0.241354062,-0.158798578,0.543140271,6.81E-04,-0.487555755,0.068562899,-0.091099624,0.097551967,0.005149422,-0.182001774,-2.612241898,-1.361808949
69,169,14,32,54,10,635000,357000,5.316146013,0.337210907,-1.128833121,-2.591733654,1.413767816,1.680424966,-1.926338664,-0.527670237,-0.518800389,1.207082347,-0.788342974,0.02135943,-0.022819786,-0.564082537,2.530864824,-1.241679796,0.05628612,0.521325794,1.473389394,-0.017399177,-0.276482417,-0.340803039,0.27491321,-0.147389898,0.273564141,-0.003009966,-0.07105404,-0.10692573,-0.011802941,-0.615709095,0.119868714,-0.868721758
70,170,12,27,61,10,635000,363000,4.696129053,0.635947574,-0.105376173,-1.606022415,2.536407561,1.544392587,-2.264920352,0.057509138,0.093320972,0.278246272,-0.097601252,0.065386735,-0.068670661,0.445919583,-0.249077978,-0.798691239,-1.701948916,1.514835884,-0.353603827,0.979703055,1.062157965,-3.803852985,-2.494987255,3.195095641,-1.192750221,-1.365730805,0.198150872,-0.134552839,-0.017273694,-1.023830578,-0.149520366,2.728385897
71,171,13,29,58,10,635000,368000,5.608171724,-2.532322921,-0.717255865,2.001177221,1.016691385,-0.202501342,-2.323842945,0.080039277,1.440201423,-0.849510818,0.243888929,-0.474811651,0.087234309,2.326126321,0.169912226,1.451593368,0.203093322,-1.558276082,-0.184548302,-3.410759187,-1.228611637,0.655070722,-0.12746509,0.009984025,0.116744088,-0.193793862,0.030801429,-0.090697666,-0.01952454,0.16037087,-0.837454381,0.526009482
72,172,23,28,49,10,635000,379000,5.677856839,-3.197110714,-1.221290384,1.794170014,0.65972751,-0.447267528,-1.072517142,0.45284986,-0.587619873,1.011687966,-0.544455882,-0.207997843,0.216518935,-1.642024978,2.493330552,1.55302573,-0.513241878,0.279404465,0.688497504,2.55470535,-0.262689156,3.588269518,0.17374294,0.767292585,-0.83055657,-0.403024543,-0.031768305,0.108117466,0.01052257,-0.095511861,-0.83671296,0.073923709
73,173,11,42,47,10,635000,429000,5.860034981,-0.559385647,-0.118648541,-1.766783664,2.243520544,1.134247112,-1.335368795,0.243097308,-0.626339976,0.928312108,-0.12185997,0.139289361,-0.079656918,-0.943463564,-0.041951292,-1.448915138,-1.9986204,1.086494517,0.204842113,1.157019156,0.804817161,-3.916121807,-2.50988787,3.229374011,-1.091987208,-1.39897773,0.191666147,-0.167852339,-0.011022716,-1.685015562,0.203828126,2.559035299
74,174,24,29,47,10,635000,434000,6.36977893,-2.497801971,-0.585586007,1.5256651,1.209443357,-0.753733092,0.050090778,1.258489568,-0.735072204,0.684787789,0.200737992,-0.073244287,0.146734574,-1.961656017,-0.888305363,1.102035857,-1.624437513,2.087193488,-0.637005049,0.90841021,1.243197607,-3.791132748,-2.384554632,3.227391324,-1.259792378,-1.364194357,0.179960129,-0.099935525,-0.019145485,-0.643374491,-0.533204928,1.088261695
75,175,26,30,44,10,635000,440000,6.084044232,-2.66271548,-1.154022497,2.058297338,1.034770792,-0.311196585,-2.351810816,-0.044907156,1.083641539,-0.358651082,-0.243269102,-0.363693885,0.184704047,1.586062848,1.334156188,1.791018238,-0.233314827,0.207906886,0.4887754,2.367155631,-0.136172061,3.601001048,0.169492294,0.678173044,-0.988182207,-0.337434065,-0.016813282,0.145032736,0.008354318,0.229995627,-1.36906804,0.340181078
76,176,40,23,37,10,635000,451000,5.688095433,-2.014203232,-0.376831547,1.683007235,1.412284447,-0.271315361,-1.421426638,0.625514361,1.16744111,-0.882009513,0.567335689,-0.326449016,0.128655654,1.795784583,-1.874061465,1.082434642,-0.492608937,0.971736007,0.045296459,2.278484788,-0.088646777,3.752622702,0.139534164,0.717461934,-0.986902848,-0.414880429,0.005676752,0.169285097,0.007293528,0.513720721,-1.317063416,0.590646161
77,177,23,26,51,10,638000,354000,5.409220021,-1.644759137,-1.856015045,-3.100899123,-2.469593941,-1.545500268,-0.413701544,0.168117671,0.499306759,-0.232248582,0.184419199,-0.069094866,0.021031311,-0.052735336,0.240254028,0.570859334,1.354618971,0.016911125,0.943845414,0.232400415,-0.507173837,-0.304971629,-0.027983402,-0.165174442,0.236080168,9.02E-04,0.039855205,-0.143641541,-0.001077861,-0.809814265,0.393597485,-0.056028956
78,178,10,43,47,10,638000,360000,5.945954158,-2.629945423,-2.49293808,-2.883480551,-2.72436548,-1.905514065,-0.545218955,0.157236621,0.239943984,0.202259165,-0.306765685,0.086597621,0.039711222,-0.512390971,1.035311454,0.364821413,-0.239147063,0.962342757,1.027291386,0.60429762,-0.737388881,-0.368486251,-0.262408545,-0.221009028,0.544061478,-0.007788275,0.042942915,-0.200695773,-0.004824933,-0.889585888,1.874090542,-0.539070284
79,179,38,19,43,10,638000,382000,4.657120821,-1.581834395,-2.137439751,-2.736480049,-2.488536334,-1.54589517,-1.465077528,-0.107847097,1.286851707,-0.777143699,0.066988613,-0.105347313,0.016581248,1.512575195,0.318541635,0.686397419,0.650193238,0.101078405,0.660441165,0.320372017,-0.468412839,-0.273844756,-0.150233397,-0.21414459,0.248760493,0.041426324,0.043647687,-0.130726861,-0.005037308,-0.544871029,0.720046711,-0.091081684
80,180,24,29,47,10,638000,404000,4.989958374,-1.390970504,-1.659803662,1.075737409,0.322578351,-0.333224415,-1.41391121,0.252946164,0.008901739,0.533082637,-0.487788686,-0.263137374,0.18744283,-0.375740393,1.897317403,1.462810744,0.042056163,0.784977886,0.349101708,-0.193176398,0.17326969,-0.194069616,0.309085052,-0.174965572,0.024564491,0.06449206,-0.079241012,-0.013012421,-0.019747693,0.497128286,-0.624024539,-2.178227697
81,181,56,11,33,10,638000,415000,6.184066248,-2.959221993,-0.749177828,-1.231838233,0.716866326,1.440055474,2.627444458,-2.588545067,-0.433918977,-7.785168581,-4.891240488,-1.627379544,-0.164991782,1.399160008,1.063191551,0.246159024,-2.23793651,-0.385953491,-0.283167322,2.499817326,-0.173010354,3.777253778,0.089301549,0.768396237,-1.092379222,-0.277582157,-0.004518943,0.235990356,0.033148645,-0.044781204,-0.665878585,1.635620624
82,182,23,35,42,10,638000,431000,5.747839131,-2.161502829,-0.895229604,2.190036843,1.118809823,-0.481966929,-2.572886806,0.077724534,1.493643527,-0.855552892,0.173131119,-0.422857651,0.129084002,2.385314461,0.15558067,1.585062539,-0.602762312,-0.133234864,-0.493248365,0.710118981,1.445982753,-3.844267125,-2.260049078,3.2033982,-1.637664107,-1.177964226,0.141021537,-0.027885734,-0.014764357,-0.656886787,-2.062819499,1.392601179
83,183,43,25,32,10,638000,437000,6.888455955,-2.366341419,2.215130113,0.836806214,-1.080282384,-0.652829742,-0.219202825,-0.268995538,0.64165772,0.035883014,-0.381259611,0.073432887,0.052765117,0.884980418,0.046571295,-0.244930594,-2.208869003,1.621830349,0.910005755,1.273833307,0.540079311,-4.153492533,-2.513160493,3.106702453,-0.977927332,-1.329837695,0.172668651,-0.239746692,-0.018358346,-2.131731341,0.482090548,2.316922391
84,184,23,25,52,10,638000,442000,6.968120511,-4.084229487,-0.568157202,1.089908681,1.584970284,-0.284770368,-0.0029217,0.801086999,0.268047634,0.251903303,0.522164457,-0.517601583,0.19903662,-0.335099496,-1.284402872,1.472509668,1.580102948,1.146912975,0.760978696,-0.927687129,1.725709126,-1.248394463,1.871415418,-0.823551528,-2.778443739,6.308754776,-18.43450397,21.26655487,-0.214332546,-3.608111031,2.47518761,1.355577721
85,185,41,21,38,10,638000,453000,6.6638237,-3.005670497,-0.441032498,1.443510335,0.948247018,-0.881414483,0.298559155,1.070897091,-0.880885231,0.887962323,0.20011171,-0.124975383,0.149247937,-2.241471588,-0.346275158,0.65232601,-0.80129786,0.841140264,0.58581434,2.41828812,-0.297654938,3.653470515,0.172019846,0.788274842,-0.844179564,-0.507685583,-0.001862386,0.130020347,0.010763562,-0.15903799,-0.79183267,0.309281656
86,186,14,20,66,10,640000,357000,6.725150623,-3.883521708,-0.832127152,2.089603372,0.74781613,-1.577678018,-0.798546025,0.615838225,-0.113651516,0.636948791,-0.023349757,-0.183594689,0.10197117,-0.916178314,0.691321981,0.968634548,-1.715813825,-1.660654532,-0.361569159,0.589569417,3.444032865,-0.785476964,3.91975384,-0.85962209,1.936149545,-0.90591687,0.045338073,-0.63511024,-0.097425252,-1.172130231,1.454642088,0.397048783
87,187,49,25,26,10,640000,412000,5.866841478,-2.085368725,2.091510982,1.103828253,-1.154364395,-0.310251045,-1.422340701,-0.674874119,1.510420547,-0.556467963,-0.469248669,-0.057241258,0.051926222,2.576659914,0.616642684,0.189086141,-1.475713287,-0.154760635,0.467885671,0.643228508,3.058196996,-0.975582346,3.894615247,-1.09114405,2.278845698,-0.948062727,0.091869265,-0.781820683,-0.115430572,-1.58948867,2.236256624,1.767714134
88,188,33,22,45,10,640000,418000,4.798153104,-0.847948221,-0.351354416,1.785438141,1.404899543,-0.375324442,-1.257735414,0.723696805,0.370639924,-0.192550114,0.375185357,-0.322216457,0.150845883,0.137897014,-0.515282227,1.932647967,-0.12257771,0.490897782,-0.928012378,0.549919539,1.633297374,-3.708916935,-2.19743155,3.288044247,-1.703615312,-1.234930828,0.150149715,0.001836363,-0.013431006,-0.279727911,-2.329279268,1.537485417
89,189,6.75,37.5,55.75,10,640000,429000,6.453376636,-3.152072729,-1.906123022,1.228705862,0.401260116,-0.643865615,-2.229733994,-0.248000232,1.698377635,-0.684342239,-0.226228382,-0.351548181,0.133627793,2.946402561,0.408051249,0.656991096,-0.838602928,0.493948039,1.005195433,0.019451033,-0.103940526,-0.324265922,0.179190925,-0.214179596,0.140158242,0.127782239,-0.078632402,-0.027850131,-0.006522596,-0.080155056,-0.207080179,-2.516629746
90,190,26,32,42,10,640000,434000,5.733784809,-0.930124005,2.498264918,0.25340046,-0.67091264,0.610016413,-0.12847137,0.018988935,0.774108114,-0.457834334,-0.093363832,0.020770834,0.097774117,1.309645957,-1.202513838,0.184769799,-0.823815961,3.117466223,0.581873135,0.972726407,0.821745673,-4.008959897,-2.313206954,3.097295428,-0.940446492,-1.373078744,0.194314476,-0.251033047,-0.028293509,-1.385753528,-0.150470672,2.339774291
91,191,16,45,39,10,640000,440000,6.727967318,-1.56177221,2.332851395,0.164762321,-0.921392591,0.417780077,0.244712968,9.48E-04,0.343408307,0.003557006,-0.251832414,0.053666162,0.106986967,0.484420895,-0.517642195,-0.056819782,-0.799935158,2.775396457,1.055684325,1.084879334,0.666773045,-4.107097565,-2.291170574,3.116005895,-0.869999446,-1.37481999,0.182427606,-0.277946179,-0.024750591,-1.827818887,-0.029425201,2.141448899
92,192,47,19,34,10,640000,445000,5.080158425,-0.829987187,1.612826975,-0.26155555,-1.212000015,0.786513856,-0.959447014,-1.040678773,1.329010743,-0.317963594,-0.795322304,-0.186493987,0.129632281,2.209519026,1.980927209,1.091402259,1.137036469,1.352217022,1.762536091,-0.119522208,-0.406326354,-0.502159037,0.361128825,-0.350023682,0.312754479,0.018496576,-0.033319951,-0.170940319,-0.01244227,-0.682038643,-0.21607111,-0.794526411
93,193,34,10,56,10,640000,451000,5.122452271,-1.340423701,-0.386802978,0.270735621,1.16751433,-0.158023771,0.330739014,0.890989761,0.200530852,-0.159578964,0.706261677,-0.31100952,0.119334673,-0.120181571,-2.140781028,0.919174199,1.020388889,1.102151536,0.406340572,-0.510746149,0.249103409,-0.086189855,0.465721403,-0.05570455,-0.116183939,-0.001265178,-0.062729151,0.028392974,-0.003730917,0.375451383,-1.48784298,-1.857817967
94,194,22,26,52,10,643000,398000,6.73413873,-3.696238743,-0.821239386,1.628237661,1.030565721,-0.914164185,-0.664882333,0.603043391,0.127585748,0.256294083,0.137923694,-0.226096073,0.135787202,-0.305040848,-0.115064207,0.883605835,-1.163146464,0.278683944,0.327625085,0.990521105,1.121467385,-3.934086436,-2.273382296,3.348308803,-1.341268179,-1.241491787,0.121926419,-0.091822305,0.001745037,-1.504269319,-1.252896551,0.736953429
95,195,19,36,45,10,643000,409000,5.81625336,-2.981696883,-1.197079773,2.103689755,0.945574844,-0.922486021,-1.469898339,0.324454181,-0.140668044,0.680971391,-0.443409765,-0.210686103,0.174488855,-0.914841862,2.087440981,1.856363378,-1.225561325,0.34208066,-0.228138397,0.915757813,1.313790151,-3.898983929,-2.313579472,3.284795831,-1.441292286,-1.210124855,0.121023994,-0.074872203,-0.008958659,-0.985652496,-1.202742401,0.941033257
96,196,33,33,34,10,643000,415000,6.976164618,-3.500937117,-0.975483457,1.624639899,0.894966537,-0.683935158,-0.855459986,0.526089403,0.085194849,0.295574224,0.037387443,-0.240370782,0.154019337,-0.284861939,0.295084896,0.872566185,-0.781830891,0.472823837,0.34721114,0.89335013,1.188435278,-3.945893665,-2.209118492,3.311815302,-1.363399014,-1.236050134,0.12218361,-0.094344054,-0.005132367,-1.344735533,-1.477333235,0.789691637
97,197,63,12,25,10,643000,437000,6.425271091,-1.969996309,0.171723267,1.785429052,1.50288285,-1.268254775,-0.426442342,0.884420652,0.501399527,-0.368112687,0.913269681,-0.306598096,0.060700966,0.240890264,-2.19344245,1.048732111,-0.765896773,-0.356384311,-0.640678772,0.639819574,1.38717169,-3.777574211,-2.281915997,3.324330164,-1.762121575,-1.258780755,0.148945996,0.009488624,-0.004157001,-0.952304423,-2.136620218,1.762828405
98,198,44,27,29,10,643000,442000,7.269509075,-2.987347721,-1.349116451,-2.508438279,0.344874609,1.309292899,4.0304661,-2.355069794,-1.046736053,-7.226658961,-4.993366172,-1.48358409,-0.173812268,0.286379807,0.416664629,-0.351306487,-2.251781711,1.138007663,0.152264624,0.070402283,-0.101551976,-0.134350837,0.165839483,-0.11066337,0.117808961,0.140836046,-0.065314512,0.025045574,0.013866183,-0.128402231,0.667746405,-1.243280772
99,199,25,30,45,10,646000,401000,6.073510008,-1.670667334,-0.416858005,-1.696307891,2.357547933,1.27809193,-2.196949416,-0.393020715,0.405788772,0.369758592,-0.29822087,0.034552816,-0.078542367,0.97652412,0.539736008,-1.116744309,-1.277617819,-0.542599149,0.530252736,0.605153293,3.164836134,-0.853027375,3.929305123,-0.893464267,2.282779745,-0.969882021,0.082014528,-0.742146039,-0.090942693,-1.710142174,2.106963424,1.526481978
100,200,20,31,49,10,646000,407000,5.887559957,-3.486815869,-1.314307532,1.961158793,0.980479409,-0.516382788,-1.811571255,0.072910721,0.382596706,0.271612362,-0.407954595,-0.296302403,0.184059587,0.177870454,2.025989024,1.788683452,-0.631473838,0.2559274,0.166493191,0.854150482,1.318709805,-3.94088076,-2.206180454,3.298814468,-1.428705057,-1.17639121,0.109912523,-0.086596594,-0.004301501,-1.138085982,-1.599138554,0.776107033
